EUR,1
GBP,1.126695
FKE,0.025
USD,0.809552722
BTC,6977.089657
ETH,685.2944747